guid,polish,english,video,video_media_anchor,video_title,video_url,cloze_listen_hack,priority,tags
dfb4L0Bfcg,Proszę!,Here!,EuJlGjJSuKs-0000_00-0001_93.webm,[sound:EuJlGjJSuKs-0000_00-0001_93.webm],8 Ways to Use the Word PROSZĘ in Polish | Super Easy Polish 15,https://www.youtube.com/watch?v=EuJlGjJSuKs,{{c1::}},24,
dSVwYl]3H$,"{{c2::Słowo}} ' proszę"" {{c3::jest}} {{c4::wspaniałym}} {{c5::i}} {{c6::bardzo}} uniwersalnym {{c8::słowem}} {{c7::w}} {{c9::języku}} {{c10::polskim}}.","The word ""proszę"" (please) is an amazing and very universal word in Polish.",EuJlGjJSuKs-0006_10-0011_67.webm,[sound:EuJlGjJSuKs-0006_10-0011_67.webm],8 Ways to Use the Word PROSZĘ in Polish | Super Easy Polish 15,https://www.youtube.com/watch?v=EuJlGjJSuKs,{{c1::}},154,
"jxWS{,iBTL",Pomaga nam ono {{c2::w}} {{c3::bardzo}} wielu sytuacjach życia codziennego {{c4::i}} ma też wiele różnych znaczeń.,It helps us in many different situations of everyday life and it also has many different meanings.,EuJlGjJSuKs-0011_70-0018_23.webm,[sound:EuJlGjJSuKs-0011_70-0018_23.webm],8 Ways to Use the Word PROSZĘ in Polish | Super Easy Polish 15,https://www.youtube.com/watch?v=EuJlGjJSuKs,{{c1::}},189,
r.kE^dr1k8,"Przez {{c2::to}}, {{c3::to}} {{c4::słowo}} {{c5::może}} sprawiać trochę trudności, {{c6::ale}} {{c7::nie}} martwcie {{c8::się}}. Zaraz Wam wszystko wyjaśnimy {{c9::i}} będziecie {{c10::go}} używać {{c12::jak}} prawdziwi {{c11::Polacy}}.","Because of that, this word can cause a bit of trouble, but don't worry. We'll explain you everything and you'll use it like native Poles.",EuJlGjJSuKs-0018_27-0026_07.webm,[sound:EuJlGjJSuKs-0018_27-0026_07.webm],8 Ways to Use the Word PROSZĘ in Polish | Super Easy Polish 15,https://www.youtube.com/watch?v=EuJlGjJSuKs,{{c1::}},283,
knk7X*(FKq,"{{c6::Są}} {{c5::dwie}} rzeczy, {{c7::które}} {{c8::na}} początek musicie {{c3::wiedzieć}} {{c4::o}} {{c2::słowie}} ""proszę"".","There are two things that for the beginning you need to know/about the word ""proszę"".",EuJlGjJSuKs-0038_43-0043_83.webm,[sound:EuJlGjJSuKs-0038_43-0043_83.webm],8 Ways to Use the Word PROSZĘ in Polish | Super Easy Polish 15,https://www.youtube.com/watch?v=EuJlGjJSuKs,{{c1::}},155,
uhxe#j$Gfy,"{{c2::Po}} pierwsze, {{c3::to}} {{c4::jest}} takie {{c5::słowo}}, które pomaga nam być uprzejmym.","Firstly, it's a word that helps us to be polite.",EuJlGjJSuKs-0043_87-0048_17.webm,[sound:EuJlGjJSuKs-0043_87-0048_17.webm],8 Ways to Use the Word PROSZĘ in Polish | Super Easy Polish 15,https://www.youtube.com/watch?v=EuJlGjJSuKs,{{c1::}},114,
MB]<ESyg&~,"Często można by je nawet pominąć w zdaniu, {{c2::ale}} świadczy ono o naszej kulturze osobistej {{c3::i}} szacunku {{c4::do}} rozmówcy.","Often we could even omit it in a sentence, but its an evidence of our propriety and respect for the. person you're speaking to.",EuJlGjJSuKs-0048_20-0055_97.webm,[sound:EuJlGjJSuKs-0048_20-0055_97.webm],8 Ways to Use the Word PROSZĘ in Polish | Super Easy Polish 15,https://www.youtube.com/watch?v=EuJlGjJSuKs,{{c1::}},239,
E<>!-s5r<},"{{c2::Po}} {{c3::drugie::second}}, {{c4::słowo}} ""proszę"" {{c5::to}} {{c8::po}} {{c6::prostu}} czasownik ""prosić"" {{c7::w}} pierwszej osobie: ja proszę.","Secondly, ""proszę"" is simply the verb ""to ask for something” in the first person: I ask.",EuJlGjJSuKs-0056_00-0063_03.webm,[sound:EuJlGjJSuKs-0056_00-0063_03.webm],8 Ways to Use the Word PROSZĘ in Polish | Super Easy Polish 15,https://www.youtube.com/watch?v=EuJlGjJSuKs,{{c1::}},177,
uX<kOS+~.%,"Możemy {{c2::go}} więc używać, kiedy chcemy kogoś grzecznie o coś poprosić.","Therefore, we can use it when we want to politely ask someone for something.",EuJlGjJSuKs-0063_07-0067_70.webm,[sound:EuJlGjJSuKs-0063_07-0067_70.webm],8 Ways to Use the Word PROSZĘ in Polish | Super Easy Polish 15,https://www.youtube.com/watch?v=EuJlGjJSuKs,{{c1::}},144,
qqk@]9sEDu,"Odkręcisz {{c2::mi}} {{c3::to}}, {{c4::proszę}}?","Can you open this for me, please?",EuJlGjJSuKs-0072_83-0075_63.webm,[sound:EuJlGjJSuKs-0072_83-0075_63.webm],8 Ways to Use the Word PROSZĘ in Polish | Super Easy Polish 15,https://www.youtube.com/watch?v=EuJlGjJSuKs,{{c1::}},70,
H9!-K>3|Ia,"{{c2::Ale}} {{c3::na}} {{c4::tym}} {{c5::nie}} kończy się {{c9::rola}} słowa ""proszę"" {{c6::w}} {{c8::języku}} {{c7::polskim}}.","But that's not the whole role of the word ""proszę"" in the Polish language.",EuJlGjJSuKs-0075_73-0079_07.webm,[sound:EuJlGjJSuKs-0075_73-0079_07.webm],8 Ways to Use the Word PROSZĘ in Polish | Super Easy Polish 15,https://www.youtube.com/watch?v=EuJlGjJSuKs,{{c1::}},138,
r(hNd:7qky,"{{c2::Bardzo}} często używamy {{c3::go}}, gdy komuś coś dajemy, wręczamy drugiej osobie jakiś przedmiot.","Very often we use it when we give something to somebody, we hand another person an object.",EuJlGjJSuKs-0079_10-0084_73.webm,[sound:EuJlGjJSuKs-0079_10-0084_73.webm],8 Ways to Use the Word PROSZĘ in Polish | Super Easy Polish 15,https://www.youtube.com/watch?v=EuJlGjJSuKs,{{c1::}},181,
q|)cl[?)mD,"Gdybyśmy chcielisbyć super uprzejmi {{c2::albo}} dać coś komuś zwielkim entuzjazmem, {{c3::to}} możemy również powiedzieć ""proszę bardzo"".","If we wanted to be super polite or give something to somebody with huge enthusiasm, we can also say ""proszę bardzo"".",EuJlGjJSuKs-0087_10-0094_10.webm,[sound:EuJlGjJSuKs-0087_10-0094_10.webm],8 Ways to Use the Word PROSZĘ in Polish | Super Easy Polish 15,https://www.youtube.com/watch?v=EuJlGjJSuKs,{{c1::}},239,
M/]/`if8Ql,"{{c2::To}} {{c3::trochę}} {{c4::tak}}, jakby powiedzieć ""proszę"", {{c5::ale}} bardziej.","Its a bit like saying ""proszę"", but more.",EuJlGjJSuKs-0094_13-0097_00.webm,[sound:EuJlGjJSuKs-0094_13-0097_00.webm],8 Ways to Use the Word PROSZĘ in Polish | Super Easy Polish 15,https://www.youtube.com/watch?v=EuJlGjJSuKs,{{c1::}},97,
d4j/fyO_=(,"{{c2::Dziękuję}}, {{c3::z}} {{c7::jakiej}} {{c4::to}} {{c5::okazji}}? - {{c6::Bez}} {{c5::okazji}}.","Thank you, whats the occasion? - Theres no occasion.",EuJlGjJSuKs-0098_03-0101_03.webm,[sound:EuJlGjJSuKs-0098_03-0101_03.webm],8 Ways to Use the Word PROSZĘ in Polish | Super Easy Polish 15,https://www.youtube.com/watch?v=EuJlGjJSuKs,{{c1::}},96,
ueC2pkwc~`,"Zawsze używamy tego {{c2::słowa}} też, {{c3::kiedy}} przepuszczamy kogoś {{c4::w}} drzwiach {{c5::i}} {{c6::chcemy}} zapewnić tę osobę, żeby śmiało weszła przed nami.",We also always use this word when we let someone go ahead of us in a door and we want to assure this person to freely go in front of us.,EuJlGjJSuKs-0101_60-0110_10.webm,[sound:EuJlGjJSuKs-0101_60-0110_10.webm],8 Ways to Use the Word PROSZĘ in Polish | Super Easy Polish 15,https://www.youtube.com/watch?v=EuJlGjJSuKs,{{c1::}},263,
mx9IZsH3Sa,Proszę. - Dzięki!,Go ahead. - Thanks!,EuJlGjJSuKs-0111_17-0113_93.webm,[sound:EuJlGjJSuKs-0111_17-0113_93.webm],8 Ways to Use the Word PROSZĘ in Polish | Super Easy Polish 15,https://www.youtube.com/watch?v=EuJlGjJSuKs,{{c1::}},37,
f.YYubLUNc,"{{c2::A}} skoro już o drzwiach mowa, {{c3::to}} {{c4::słowa}} ""proszę"" używamy, {{c5::kiedy}}; ktośpuka {{c6::do}} drzwi, {{c7::a}} {{c8::my}} {{c9::chcemy}}, żeby wszedł {{c10::do}} środka.","Since we're already talking about doors, then we use the word ""proszę"" when someone is knocking on a door, and we want them to come in.",EuJlGjJSuKs-0114_07-0120_80.webm,[sound:EuJlGjJSuKs-0114_07-0120_80.webm],8 Ways to Use the Word PROSZĘ in Polish | Super Easy Polish 15,https://www.youtube.com/watch?v=EuJlGjJSuKs,{{c1::}},253,
gP6]3Or`Dx,"Możemy się {{c2::z}} tym spotkać, {{c3::kiedy}} idziemy {{c4::do}} lekarza, pukamy {{c5::do}} gabinetu lekarskiego, {{c6::a}} lekarz odpowiada ""proszę"" {{c7::i}} wtedy możemy śmiało wchodzić do środka.","We can encounter this when we go to a doctor, we're knocking on a doctors office, and the doctor is answering ""proszę"" and then we can freely come inside.",EuJlGjJSuKs-0120_83-0128_73.webm,[sound:EuJlGjJSuKs-0120_83-0128_73.webm],8 Ways to Use the Word PROSZĘ in Polish | Super Easy Polish 15,https://www.youtube.com/watch?v=EuJlGjJSuKs,{{c1::}},308,
A<8>D6:XoF,"""Proszę?"" powiemy też, {{c2::kiedy}} kogoś nie usłyszeliśmy.  {{c3::i}} {{c4::chcemy}} poprosić go, żeby jeszcze raz powtórzył {{c5::to}}, {{c6::co}} właśnie powiedział.","Well also say ""proszę?"", when we haven't heard someone and we want to ask them to repeat one more time what they've just said.",EuJlGjJSuKs-0136_43-0145_27.webm,[sound:EuJlGjJSuKs-0136_43-0145_27.webm],8 Ways to Use the Word PROSZĘ in Polish | Super Easy Polish 15,https://www.youtube.com/watch?v=EuJlGjJSuKs,{{c1::}},256,
plKcsjiQ;q,"Można by {{c2::w}} tej sytuacji powiedzieć ""co?"", {{c3::ale}} ""proszę"" {{c4::jest}} dużo bardziej uprzejme.  Proszę?","We could say ""co?"" (what?) in this situation, but ""proszę"" is much more polite.  Excuse me?",EuJlGjJSuKs-0145_30-0153_27.webm,[sound:EuJlGjJSuKs-0145_30-0153_27.webm],8 Ways to Use the Word PROSZĘ in Polish | Super Easy Polish 15,https://www.youtube.com/watch?v=EuJlGjJSuKs,{{c1::}},205,
Im;)ZTAEZ!,"Istnieje też {{c2::w}} {{c3::języku}} {{c4::polskim}} taka konstrukcja {{c5::jak}} ""proszę pani"" {{c6::i}} ""proszę pana"".","There's also a construction in the Polish language like ""proszę pana” (sir) and ""proszę pani"" (miss).",EuJlGjJSuKs-0153_50-0157_97.webm,[sound:EuJlGjJSuKs-0153_50-0157_97.webm],8 Ways to Use the Word PROSZĘ in Polish | Super Easy Polish 15,https://www.youtube.com/watch?v=EuJlGjJSuKs,{{c1::}},183,
b6`d=1Ia6e,"{{c2::Na}} przykład dzieci {{c3::w}} szkole zawsze zwracają się {{c4::tak}} {{c5::do}} pań {{c6::nauczycielek}}: ""{{c7::Proszę pani, proszę pani!}}”","For example, children always address their teachers in this way: ""Miss, miss!”",EuJlGjJSuKs-0158_00-0163_53.webm,[sound:EuJlGjJSuKs-0158_00-0163_53.webm],8 Ways to Use the Word PROSZĘ in Polish | Super Easy Polish 15,https://www.youtube.com/watch?v=EuJlGjJSuKs,{{c1::}},179,
l/XDt:UJD8,"{{c2::Proszę pana}}! {{c3::Ale}} {{c4::to}} {{c5::nie}} {{c6::jest}} infolinia {{c7::pana}} banku.  {{c8::Proszę}} sprawdzić, {{c9::czy}} pań'żadzwonił pod {{c10::dobry}} {{c11::numer}}.",Sir! But this isn't the helpline of your bank.  Please check whether you've called the right number.,EuJlGjJSuKs-0166_90-0173_27.webm,[sound:EuJlGjJSuKs-0166_90-0173_27.webm],8 Ways to Use the Word PROSZĘ in Polish | Super Easy Polish 15,https://www.youtube.com/watch?v=EuJlGjJSuKs,{{c1::}},205,
t(zMx}>_a2,"{{c2::Ale}} ponieważ byłoby {{c3::za}} prosto, gdyby ""proszę"" {{c4::było}} {{c5::tylko}} wyrazem uprzejmości, {{c6::jest}} {{c7::też}} kilka innych kontekstów, {{c8::w}} których możemy {{c9::go}} użyć.","But because it would be too easy if ""proszę"" was only a way of expressing.politeness, there are also a few other contexts in which we can use it.",EuJlGjJSuKs-0176_07-0185_67.webm,[sound:EuJlGjJSuKs-0176_07-0185_67.webm],8 Ways to Use the Word PROSZĘ in Polish | Super Easy Polish 15,https://www.youtube.com/watch?v=EuJlGjJSuKs,{{c1::}},283,
wRN1dLaM>F,"{{c2::Na}} przykład {{c3::w}} połączeniu {{c4::ze}} {{c5::słowem}} ""no"" {{c6::albo}} ""o"" {{c7::jest}} wyrazem takiego lekkiego zdziwienia, zaskoczenia.","For example, in a combination with the word ""no"" or ""o"" is an expression of a slight wonder, surprise.",EuJlGjJSuKs-0185_70-0193_17.webm,[sound:EuJlGjJSuKs-0185_70-0193_17.webm],8 Ways to Use the Word PROSZĘ in Polish | Super Easy Polish 15,https://www.youtube.com/watch?v=EuJlGjJSuKs,{{c1::}},206,
QnrczlVcr<,"O, proszę! No proszę!","Well, well! Well, well!",EuJlGjJSuKs-0193_33-0196_03.webm,[sound:EuJlGjJSuKs-0193_33-0196_03.webm],8 Ways to Use the Word PROSZĘ in Polish | Super Easy Polish 15,https://www.youtube.com/watch?v=EuJlGjJSuKs,{{c1::}},45,
KrK*Ylo?.X,"{{c2::No}} stara, {{c3::i}} {{c5::te}} zdjęcia {{c4::na}} {{c10::tą}} nową stronę, trzeba {{c8::się}} umówić {{c6::z}} Dawidem {{c7::i}} jakoś {{c9::to}} ogarnąć...","Hey, and those pictures for the new website, we need to make an appointment with Dawid and figure it out...",EuJlGjJSuKs-0196_07-0200_50.webm,[sound:EuJlGjJSuKs-0196_07-0200_50.webm],8 Ways to Use the Word PROSZĘ in Polish | Super Easy Polish 15,https://www.youtube.com/watch?v=EuJlGjJSuKs,{{c1::}},200,
l@O3YCCW*<,"Miałaś dzisiaj {{c2::nie}} mieć czasu, żeby się' spotkać. {{c3::Jestem!}}",You were suppośed to not have the time to meet today. (But) I'm here!,EuJlGjJSuKs-0202_87-0207_97.webm,[sound:EuJlGjJSuKs-0202_87-0207_97.webm],8 Ways to Use the Word PROSZĘ in Polish | Super Easy Polish 15,https://www.youtube.com/watch?v=EuJlGjJSuKs,{{c1::}},127,
evG{X|{rmu,"{{c2::Jest}} {{c3::też}} takie powiedzonko, {{c6::które}}&nbsp;{{c4::bardzo}} {{c5::lubię}}: ""proszę cię”.","There's also a saying that I really: like: ""proszę cię"" (oh please).",EuJlGjJSuKs-0208_03-0211_70.webm,[sound:EuJlGjJSuKs-0208_03-0211_70.webm],8 Ways to Use the Word PROSZĘ in Polish | Super Easy Polish 15,https://www.youtube.com/watch?v=EuJlGjJSuKs,{{c1::}},130,
A)=6ZBKWaV,"{{c2::W}} sytuacji, {{c3::w}} {{c4::której}} Justyna panikuje i stresuje {{c5::się}}, {{c6::że}} {{c7::nie}} {{c8::mamy}} gotowego Odcinka {{c9::na}} czwartek, {{c10::ja}} {{c11::jej}} {{c12::na}} {{c13::to}} {{c14::mówię}}: ""{{c15::Proszę cię}}, ogarniemy!""","In a situation in which Justyna is panicking and stressed that our episode is not ready for Thursday, I tell her: ""Oh please, well figure it out!""",EuJlGjJSuKs-0211_73-0219_20.webm,[sound:EuJlGjJSuKs-0211_73-0219_20.webm],8 Ways to Use the Word PROSZĘ in Polish | Super Easy Polish 15,https://www.youtube.com/watch?v=EuJlGjJSuKs,{{c1::}},287,
"u9,y+Z)t2-","{{c2::I}} wtedy {{c3::to}} oznacza, {{c4::że}} ma {{c5::nie}} panikować i się {{c6::nie}} {{c7::stresować}}.",And then it means that she's not supposed to panic and stress.,EuJlGjJSuKs-0219_23-0223_43.webm,[sound:EuJlGjJSuKs-0219_23-0223_43.webm],8 Ways to Use the Word PROSZĘ in Polish | Super Easy Polish 15,https://www.youtube.com/watch?v=EuJlGjJSuKs,{{c1::}},123,
PmMrzu}x7n,"Ej Pati, {{c2::bo}} {{c3::jeszcze}} musimy {{c4::tą}} scenę {{c5::z}} tymil drzwiami, tą wodę {{c6::i}} zachód słońca {{c7::już}} {{c8::jest}} {{c9::za}} {{c10::15}} {{c11::minut}}.  {{c12::Proszę cię}}, Justyna, ogarniemy!","Hey Pati, so we still need (to record) the scene with the door, the water, and the sunset is in 15 minutes.  Oh please, Justyna, we!ll figure it out!",EuJlGjJSuKs-0223_47-0233_07.webm,[sound:EuJlGjJSuKs-0223_47-0233_07.webm],8 Ways to Use the Word PROSZĘ in Polish | Super Easy Polish 15,https://www.youtube.com/watch?v=EuJlGjJSuKs,{{c1::}},282,
IzM7K^Y^YN,"{{c2::Mamy}} nadzieję, {{c3::że}} {{c4::juź}} {{c5::teraz}} {{c6::wiecie}}, {{c7::gdzie}} {{c8::i}} {{c9::jak}} {{c10::używać słowa}} ""proszę"".","We hope that now you know where and how. to use the word ""proszę"".",EuJlGjJSuKs-0233_17-0236_70.webm,[sound:EuJlGjJSuKs-0233_17-0236_70.webm],8 Ways to Use the Word PROSZĘ in Polish | Super Easy Polish 15,https://www.youtube.com/watch?v=EuJlGjJSuKs,{{c1::}},137,
kRv<.?4|r},"{{c2::W}} komentarzach, {{c3::proszę}}, koniecznie dajcie nam znać, w.jakich sytuacjach Wy najczęściej spotykacie {{c4::się}} {{c5::z}} {{c6::tym}} {{c7::słowem}}.",In the comments please definitely let us know in which situations you usually encounter this word.,EuJlGjJSuKs-0236_73-0243_63.webm,[sound:EuJlGjJSuKs-0236_73-0243_63.webm],8 Ways to Use the Word PROSZĘ in Polish | Super Easy Polish 15,https://www.youtube.com/watch?v=EuJlGjJSuKs,{{c1::}},214,
D+8[PI5~kY,"{{c2::A}} jeżeli chcielibyście otrzymać dodatkowe materiały {{c3::do}} tego odcinka, zajrzyjcie, proszę, {{c4::na}} ńaszego Patreona.","And if you'd like to receive extra material for this episode, then please check out our Patreon.",EuJlGjJSuKs-0243_67-0248_90.webm,[sound:EuJlGjJSuKs-0243_67-0248_90.webm],8 Ways to Use the Word PROSZĘ in Polish | Super Easy Polish 15,https://www.youtube.com/watch?v=EuJlGjJSuKs,{{c1::}},206,
K~HlYB|Pgu,"Wszystkie linki {{c2::w}} opisie pod filmem, tam na dole.","AII the links are in the description under the video, down below.",EuJlGjJSuKs-0248_93-0251_90.webm,[sound:EuJlGjJSuKs-0248_93-0251_90.webm],8 Ways to Use the Word PROSZĘ in Polish | Super Easy Polish 15,https://www.youtube.com/watch?v=EuJlGjJSuKs,{{c1::}},115,
G~(NZ$dJfw,{{c2::I}} {{c3::do}} zobaczenia {{c4::w}} kolejnym odcinku. {{c5::Pa}}!,And see you in the next episode. Bye!,EuJlGjJSuKs-0251_93-0256_23.webm,[sound:EuJlGjJSuKs-0251_93-0256_23.webm],8 Ways to Use the Word PROSZĘ in Polish | Super Easy Polish 15,https://www.youtube.com/watch?v=EuJlGjJSuKs,{{c1::}},77,
"p3USgo,x?)",i {{c2::nauczymy}} najprostszych zwrotów {{c3::w}} {{c4::języku}} {{c5::polskim}}.,and teach you the Easiest expressions in the Polish language.,VOYiVxGRqJU-0035_97-0041_57.webm,[sound:VOYiVxGRqJU-0035_97-0041_57.webm],Polish for Absolute Beginners | Super Easy Polish 17,https://www.youtube.com/watch?v=VOYiVxGRqJU,{{c1::}},112,
esEv>7gDGo,Co to jest? - To jest drzewo.,What is this? - This is a tree.,VOYiVxGRqJU-0062_73-0067_90.webm,[sound:VOYiVxGRqJU-0062_73-0067_90.webm],Polish for Absolute Beginners | Super Easy Polish 17,https://www.youtube.com/watch?v=VOYiVxGRqJU,{{c1::}},61,
kiw@]J)LyO,"Ten, tamten","This, that (male gender)",VOYiVxGRqJU-0068_20-0072_97.webm,[sound:VOYiVxGRqJU-0068_20-0072_97.webm],Polish for Absolute Beginners | Super Easy Polish 17,https://www.youtube.com/watch?v=VOYiVxGRqJU,{{c1::}},36,
pL[Xe(OQ2_,Co to jest? - To jest zegarek.,What is this? - This is a watch.,VOYiVxGRqJU-0073_10-0077_23.webm,[sound:VOYiVxGRqJU-0073_10-0077_23.webm],Polish for Absolute Beginners | Super Easy Polish 17,https://www.youtube.com/watch?v=VOYiVxGRqJU,{{c1::}},54,
DY!>7<8v4s,"{{c2::Ten}} zegarek jest {{c3::mój}}, a {{c4::tamten}} zegarek jest Patrycji.","This watch is mine, and that watch is Patrycjas.",VOYiVxGRqJU-0077_27-0084_83.webm,[sound:VOYiVxGRqJU-0077_27-0084_83.webm],Polish for Absolute Beginners | Super Easy Polish 17,https://www.youtube.com/watch?v=VOYiVxGRqJU,{{c1::}},103,
QTlLHg$No0,"Ta, tamta","This, that (female gender)",VOYiVxGRqJU-0084_87-0088_17.webm,[sound:VOYiVxGRqJU-0084_87-0088_17.webm],Polish for Absolute Beginners | Super Easy Polish 17,https://www.youtube.com/watch?v=VOYiVxGRqJU,{{c1::}},29,
chF_CAi_[H,Co to jest? - To jest bluzka.,What is this? - This is a T-shirt.,VOYiVxGRqJU-0088_20-0092_40.webm,[sound:VOYiVxGRqJU-0088_20-0092_40.webm],Polish for Absolute Beginners | Super Easy Polish 17,https://www.youtube.com/watch?v=VOYiVxGRqJU,{{c1::}},64,
JJ}wb]0IS+,"{{c2::Ta}} bluzka jest biała, a {{c3::tamta}} bluzka jest niebieska.","This T-shirt is white, and that T-shirt is blue.",VOYiVxGRqJU-0092_43-0099_97.webm,[sound:VOYiVxGRqJU-0092_43-0099_97.webm],Polish for Absolute Beginners | Super Easy Polish 17,https://www.youtube.com/watch?v=VOYiVxGRqJU,{{c1::}},101,
M_oo|bmXog,tamto,that (neuter),VOYiVxGRqJU-0102_17-0102_93.webm,[sound:VOYiVxGRqJU-0102_17-0102_93.webm],Polish for Absolute Beginners | Super Easy Polish 17,https://www.youtube.com/watch?v=VOYiVxGRqJU,{{c1::}},19,
q!R$FVBrf&,Co {{c2::to}} jest?,What is this?,VOYiVxGRqJU-0102_97-0105_27.webm,[sound:VOYiVxGRqJU-0102_97-0105_27.webm],Polish for Absolute Beginners | Super Easy Polish 17,https://www.youtube.com/watch?v=VOYiVxGRqJU,{{c1::}},25,
htH8tkOmod,{{c2::To}} jest krzesło.,This is a chair.,VOYiVxGRqJU-0105_30-0108_13.webm,[sound:VOYiVxGRqJU-0105_30-0108_13.webm],Polish for Absolute Beginners | Super Easy Polish 17,https://www.youtube.com/watch?v=VOYiVxGRqJU,{{c1::}},33,
olKLx=XS2+,"{{c2::To}} krzesło {{c3::stoi}} {{c4::po}} {{c5::mojej}} {{c6::prawej}} stronie, {{c7::a}} {{c8::tamto}} krzesło {{c9::stoi}} {{c10::za}} stołem.","This chair is standing on my right side, and that chair is standing behind the table.",VOYiVxGRqJU-0108_17-0118_03.webm,[sound:VOYiVxGRqJU-0108_17-0118_03.webm],Polish for Absolute Beginners | Super Easy Polish 17,https://www.youtube.com/watch?v=VOYiVxGRqJU,{{c1::}},158,
OV)ZVpQd]l,"Te, tamte","These, those (non-masculine plural gender)",VOYiVxGRqJU-0118_07-0122_53.webm,[sound:VOYiVxGRqJU-0118_07-0122_53.webm],Polish for Absolute Beginners | Super Easy Polish 17,https://www.youtube.com/watch?v=VOYiVxGRqJU,{{c1::}},53,
pmb@J%kLOH,{{c2::To}} {{c3::są}} kwiatki.,These are flowers,VOYiVxGRqJU-0124_97-0125_77.webm,[sound:VOYiVxGRqJU-0124_97-0125_77.webm],Polish for Absolute Beginners | Super Easy Polish 17,https://www.youtube.com/watch?v=VOYiVxGRqJU,{{c1::}},32,
Ew8xr*uWE|,{{c2::W}} {{c3::jakim}} {{c4::kolorze}} {{c5::są}} {{c6::te}} kwiatki?,What colour are these flowers?,VOYiVxGRqJU-0125_90-0128_47.webm,[sound:VOYiVxGRqJU-0125_90-0128_47.webm],Polish for Absolute Beginners | Super Easy Polish 17,https://www.youtube.com/watch?v=VOYiVxGRqJU,{{c1::}},55,
u6UNH<67lj,"{{c2::Te}} kwiatki {{c3::są}} {{c4::w}} {{c5::kolorze}} różowym, {{c8::a}} {{c6::tamte}} {{c7::są}} {{c9::w}} {{c10::kolorze}} fioletowym.","These flowers are pink, and those flowers are purple.",VOYiVxGRqJU-0128_80-0135_97.webm,[sound:VOYiVxGRqJU-0128_80-0135_97.webm],Polish for Absolute Beginners | Super Easy Polish 17,https://www.youtube.com/watch?v=VOYiVxGRqJU,{{c1::}},119,
nYc^%5c(_L,Kto {{c2::to}} jest?,Who is this?,VOYiVxGRqJU-0138_47-0140_00.webm,[sound:VOYiVxGRqJU-0138_47-0140_00.webm],Polish for Absolute Beginners | Super Easy Polish 17,https://www.youtube.com/watch?v=VOYiVxGRqJU,{{c1::}},25,
e$>$EvXR7d,{{c2::To}} jest Dawid.,This is Dawid.,VOYiVxGRqJU-0144_93-0148_13.webm,[sound:VOYiVxGRqJU-0144_93-0148_13.webm],Polish for Absolute Beginners | Super Easy Polish 17,https://www.youtube.com/watch?v=VOYiVxGRqJU,{{c1::}},29,
h:N4~kKc?D,Gdzie?,Where?,VOYiVxGRqJU-0152_93-0154_77.webm,[sound:VOYiVxGRqJU-0152_93-0154_77.webm],Polish for Absolute Beginners | Super Easy Polish 17,https://www.youtube.com/watch?v=VOYiVxGRqJU,{{c1::}},13,
r=q8R]E%S2,Gdzie jest Patrycja?,Where is Patrycja?.,VOYiVxGRqJU-0154_80-0156_97.webm,[sound:VOYiVxGRqJU-0154_80-0156_97.webm],Polish for Absolute Beginners | Super Easy Polish 17,https://www.youtube.com/watch?v=VOYiVxGRqJU,{{c1::}},40,
v}4crV(fLn,"Patrycja, a {{c2::gdzie}} {{c3::są}} ćwiczenia {{c4::do}} {{c5::tego}} odcinka?","Patrycja, and where are the exercises for this episode?",VOYiVxGRqJU-0158_80-0161_60.webm,[sound:VOYiVxGRqJU-0158_80-0161_60.webm],Polish for Absolute Beginners | Super Easy Polish 17,https://www.youtube.com/watch?v=VOYiVxGRqJU,{{c1::}},103,
hTa7z2WAm6,Ćwiczenia można znaleźć na naszym Patreonie.,You can find the exercises on our Patreon.,VOYiVxGRqJU-0161_63-0163_77.webm,[sound:VOYiVxGRqJU-0161_63-0163_77.webm],Polish for Absolute Beginners | Super Easy Polish 17,https://www.youtube.com/watch?v=VOYiVxGRqJU,{{c1::}},87,
I[|P`:DRqD,Wszystkie linki znajdziecie w opisie-odcinka pod spodem.,You will find all the links down in'the description of this episode.,VOYiVxGRqJU-0163_80-0167_43.webm,[sound:VOYiVxGRqJU-0163_80-0167_43.webm],Polish for Absolute Beginners | Super Easy Polish 17,https://www.youtube.com/watch?v=VOYiVxGRqJU,{{c1::}},125,
v;%5s~j~~d,"{{c2::Tam}} {{c3::na}} dole? - Tak, {{c2::tam}} {{c3::na}} dole. - Okay.","Down below? = Yes, down below. - OK.",VOYiVxGRqJU-0167_53-0170_47.webm,[sound:VOYiVxGRqJU-0167_53-0170_47.webm],Polish for Absolute Beginners | Super Easy Polish 17,https://www.youtube.com/watch?v=VOYiVxGRqJU,{{c1::}},77,
nuO~9J)Uxz,"Patrycja, {{c2::kiedy}} {{c3::jedziesz}} {{c4::na}} {{c5::wakacje}}?","Patrycja, when are you going on holiday?",VOYiVxGRqJU-0180_07-0182_50.webm,[sound:VOYiVxGRqJU-0180_07-0182_50.webm],Polish for Absolute Beginners | Super Easy Polish 17,https://www.youtube.com/watch?v=VOYiVxGRqJU,{{c1::}},77,
zF9NoVQ5]Q,"{{c2::W}} sierpniu, {{c3::a}} {{c4::ty}}? - {{c5::Ja}} {{c6::jadę}} {{c7::jutro}}. - A no tak.","In August, and you? - I'm going tomorrow. - Ah, true.",VOYiVxGRqJU-0182_53-0187_17.webm,[sound:VOYiVxGRqJU-0182_53-0187_17.webm],Polish for Absolute Beginners | Super Easy Polish 17,https://www.youtube.com/watch?v=VOYiVxGRqJU,{{c1::}},100,
x$sK}V&9.7,{{c2::Jaka}} {{c3::jest}} {{c4::dzisiaj}} {{c5::pogoda}}?,What is the weather like today?,VOYiVxGRqJU-0200_10-0201_87.webm,[sound:VOYiVxGRqJU-0200_10-0201_87.webm],Polish for Absolute Beginners | Super Easy Polish 17,https://www.youtube.com/watch?v=VOYiVxGRqJU,{{c1::}},57,
E-$!0H7E~h,{{c2::Jest}} {{c3::słonecznie}} i {{c4::bardzo}} {{c5::gorąco}}.,Its sunny and very hot.,VOYiVxGRqJU-0201_90-0205_77.webm,[sound:VOYiVxGRqJU-0201_90-0205_77.webm],Polish for Absolute Beginners | Super Easy Polish 17,https://www.youtube.com/watch?v=VOYiVxGRqJU,{{c1::}},56,
Kx*^60qu3E,A {{c2::jutro}} {{c3::jaka}} {{c4::ma}} {{c5::być}} {{c6::pogoda}}?,And whats the weather supposed to be like tomorrow?,VOYiVxGRqJU-0205_80-0207_80.webm,[sound:VOYiVxGRqJU-0205_80-0207_80.webm],Polish for Absolute Beginners | Super Easy Polish 17,https://www.youtube.com/watch?v=VOYiVxGRqJU,{{c1::}},79,
O6Tu<%u+?a,{{c2::Jutro}} {{c3::ma}} {{c4::padać}}.,Tomorrow its supposed to rain.,VOYiVxGRqJU-0210_07-0211_40.webm,[sound:VOYiVxGRqJU-0210_07-0211_40.webm],Polish for Absolute Beginners | Super Easy Polish 17,https://www.youtube.com/watch?v=VOYiVxGRqJU,{{c1::}},46,
NjjU=!j`ms,Czy...?,interrogative particle for forming yes-no questions,VOYiVxGRqJU-0211_43-0213_37.webm,[sound:VOYiVxGRqJU-0211_43-0213_37.webm],Polish for Absolute Beginners | Super Easy Polish 17,https://www.youtube.com/watch?v=VOYiVxGRqJU,{{c1::}},59,
HIN/i:[tqt,{{c2::Która}} {{c3::godzina}}?,What time is it?,VOYiVxGRqJU-0223_53-0226_60.webm,[sound:VOYiVxGRqJU-0223_53-0226_60.webm],Polish for Absolute Beginners | Super Easy Polish 17,https://www.youtube.com/watch?v=VOYiVxGRqJU,{{c1::}},33,
c2kA:1O{i,{{c2::Jest}} 10:36. - Dziękuję. - Bardzo proszę.,Its 10:36 a.m. - Thank you. - Youre welcome.,VOYiVxGRqJU-0230_93-0235_93.webm,[sound:VOYiVxGRqJU-0230_93-0235_93.webm],Polish for Absolute Beginners | Super Easy Polish 17,https://www.youtube.com/watch?v=VOYiVxGRqJU,{{c1::}},85,
nwR6WfI|eC,{{c2::Jaki}} {{c3::dzisiaj}} {{c4::dzień}}?,What day is it today?,VOYiVxGRqJU-0235_97-0241_33.webm,[sound:VOYiVxGRqJU-0235_97-0241_33.webm],Polish for Absolute Beginners | Super Easy Polish 17,https://www.youtube.com/watch?v=VOYiVxGRqJU,{{c1::}},41,
",]M(t4pfX",{{c2::Dzisiaj}} {{c3::jest}} {{c4::niedziela}}.,Today is Sunday.,VOYiVxGRqJU-0241_37-0243_73.webm,[sound:VOYiVxGRqJU-0241_37-0243_73.webm],Polish for Absolute Beginners | Super Easy Polish 17,https://www.youtube.com/watch?v=VOYiVxGRqJU,{{c1::}},40,
q1TRKl8lRP,A {{c2::który}} {{c3::dzisiaj}} {{c4::jest}}?,And what's the date today?,VOYiVxGRqJU-0243_77-0246_13.webm,[sound:VOYiVxGRqJU-0243_77-0246_13.webm],Polish for Absolute Beginners | Super Easy Polish 17,https://www.youtube.com/watch?v=VOYiVxGRqJU,{{c1::}},47,
w~/AfR4Hd),{{c2::Dzisiaj}} {{c3::jest}} 28 czerwca.,It's 28th June today.,VOYiVxGRqJU-0246_17-0249_50.webm,[sound:VOYiVxGRqJU-0246_17-0249_50.webm],Polish for Absolute Beginners | Super Easy Polish 17,https://www.youtube.com/watch?v=VOYiVxGRqJU,{{c1::}},46,
n>$d5/j0>%,"Patrycja, {{c2::górąco}} {{c3::jest}}. {{c4::Idziemy}} {{c5::na}} lody?","Patrycja, its hot. Should we get some ice cream?",VOYiVxGRqJU-0251_53-0255_03.webm,[sound:VOYiVxGRqJU-0251_53-0255_03.webm],Polish for Absolute Beginners | Super Easy Polish 17,https://www.youtube.com/watch?v=VOYiVxGRqJU,{{c1::}},88,
Ed{.a$0A/h,Tak! - Łuhu!,Yes! = Woohoo!,VOYiVxGRqJU-0255_27-0257_90.webm,[sound:VOYiVxGRqJU-0255_27-0257_90.webm],Polish for Absolute Beginners | Super Easy Polish 17,https://www.youtube.com/watch?v=VOYiVxGRqJU,{{c1::}},27,
BNu6[xsyzM,"Patrycja, pamiętasz {{c2::gdzie}} {{c3::z}} parkowałem samochód?","Patrycja, do you remember where I parked my car?",VOYiVxGRqJU-0262_37-0266_00.webm,[sound:VOYiVxGRqJU-0262_37-0266_00.webm],Polish for Absolute Beginners | Super Easy Polish 17,https://www.youtube.com/watch?v=VOYiVxGRqJU,{{c1::}},88,
gNApx#=06o,Nie. - Ja {{c2::też}} nie,"No. - Me neither,",VOYiVxGRqJU-0269_30-0270_10.webm,[sound:VOYiVxGRqJU-0269_30-0270_10.webm],Polish for Absolute Beginners | Super Easy Polish 17,https://www.youtube.com/watch?v=VOYiVxGRqJU,{{c1::}},35,
m2WUEcnIWc,Dziękuję.,Thank you.,VOYiVxGRqJU-0270_60-0272_90.webm,[sound:VOYiVxGRqJU-0270_60-0272_90.webm],Polish for Absolute Beginners | Super Easy Polish 17,https://www.youtube.com/watch?v=VOYiVxGRqJU,{{c1::}},20,
je_J#4vtk1,Dawid? - {{c7::No}}? - {{c2::Masz}} chusteczkę? - {{c3::Mam}}. - {{c4::A}} {{c5::dasz}}? - {{c6::Jasne}}.,Dawid? - Yeah? - Do you have a tissue? - I do. - And will you give me (one)? - Sure.,VOYiVxGRqJU-0272_93-0280_17.webm,[sound:VOYiVxGRqJU-0272_93-0280_17.webm],Polish for Absolute Beginners | Super Easy Polish 17,https://www.youtube.com/watch?v=VOYiVxGRqJU,{{c1::}},142,
c&eur_3<%P,Potrzymasz {{c2::mi}} proszę? - {{c3::Jasne}}. {{c4::Nie}} {{c5::ma}} {{c6::problemu}}.,"Will you hold it for me, please? - Sure. No problem.",VOYiVxGRqJU-0288_20-0293_43.webm,[sound:VOYiVxGRqJU-0288_20-0293_43.webm],Polish for Absolute Beginners | Super Easy Polish 17,https://www.youtube.com/watch?v=VOYiVxGRqJU,{{c1::}},100,
NCU<IjZT0S,Przepraszam.,Tm sorry.,VOYiVxGRqJU-0293_47-0296_27.webm,[sound:VOYiVxGRqJU-0293_47-0296_27.webm],Polish for Absolute Beginners | Super Easy Polish 17,https://www.youtube.com/watch?v=VOYiVxGRqJU,{{c1::}},22,
BT#jQSlDhL,"O, przepraszam! - {{c4::Nic}} {{c5::się}} {{c3::nie}} {{c2::stało}}.","Oh, Im sorry! - Its OK",VOYiVxGRqJU-0297_53-0299_77.webm,[sound:VOYiVxGRqJU-0297_53-0299_77.webm],Polish for Absolute Beginners | Super Easy Polish 17,https://www.youtube.com/watch?v=VOYiVxGRqJU,{{c1::}},59,
Iy)UH[{tCt,Cześć! {{c2::Miło}} {{c3::cię}} {{c4::widzieć}}.,"Hi, it's nice to see you.",VOYiVxGRqJU-0300_80-0306_03.webm,[sound:VOYiVxGRqJU-0300_80-0306_03.webm],Polish for Absolute Beginners | Super Easy Polish 17,https://www.youtube.com/watch?v=VOYiVxGRqJU,{{c1::}},50,
"N==,D8z~.E",{{c2::Co}} {{c3::u}} {{c4::ciebie}} słychać?,What's new?,VOYiVxGRqJU-0306_93-0310_10.webm,[sound:VOYiVxGRqJU-0306_93-0310_10.webm],Polish for Absolute Beginners | Super Easy Polish 17,https://www.youtube.com/watch?v=VOYiVxGRqJU,{{c1::}},32,
K+$R/FEX.H,"Patrycja, dawno {{c2::się}} {{c3::nie}} widzieliśmy.","Patrycja, we haven't seen each other for a while.",VOYiVxGRqJU-0310_13-0312_13.webm,[sound:VOYiVxGRqJU-0310_13-0312_13.webm],Polish for Absolute Beginners | Super Easy Polish 17,https://www.youtube.com/watch?v=VOYiVxGRqJU,{{c1::}},86,
"ubgV_iF,,/","{{c2::Co}} {{c3::tam}} {{c4::u}} {{c5::ciebie}}? - {{c6::W}} porządku, {{c7::a}} {{c8::u}} {{c9::ciebie}}?  {{c10::U}} {{c11::mnie}} {{c12::też}} {{c13::w}} porządku.","Whats new with you? - Everything's fine, and you? - Everything's fine with me, too.",VOYiVxGRqJU-0312_17-0318_30.webm,[sound:VOYiVxGRqJU-0312_17-0318_30.webm],Polish for Absolute Beginners | Super Easy Polish 17,https://www.youtube.com/watch?v=VOYiVxGRqJU,{{c1::}},147,
yU4mdi-(#n,Jak {{c2::się}} {{c3::czujesz}}?,How do you feel?,VOYiVxGRqJU-0318_33-0322_70.webm,[sound:VOYiVxGRqJU-0318_33-0322_70.webm],Polish for Absolute Beginners | Super Easy Polish 17,https://www.youtube.com/watch?v=VOYiVxGRqJU,{{c1::}},33,
jt{jxg?U9N,{{c2::Ja}} {{c3::też}} {{c4::się}} {{c5::czuję}} {{c6::świetni}}.,I feel great too.,VOYiVxGRqJU-0326_90-0328_80.webm,[sound:VOYiVxGRqJU-0326_90-0328_80.webm],Polish for Absolute Beginners | Super Easy Polish 17,https://www.youtube.com/watch?v=VOYiVxGRqJU,{{c1::}},88,
o5u`>^p)z=,{{c2::Co}} {{c3::wczoraj}} {{c4::robiłaś}}? {{c2::Co}} {{c3::wczoraj}} {{c4::robiłeś}}?,What did you do yesterday? (female) What did you do yesterday? (male),VOYiVxGRqJU-0330_00-0335_07.webm,[sound:VOYiVxGRqJU-0330_00-0335_07.webm],Polish for Absolute Beginners | Super Easy Polish 17,https://www.youtube.com/watch?v=VOYiVxGRqJU,{{c1::}},109,
"M,Zk8wBT1w","Patrycja, {{c2::Co}} {{c3::wczoraj}} {{c4::robiłaś}}?","Patrycja, what did you do yesterday?",VOYiVxGRqJU-0335_10-0337_77.webm,[sound:VOYiVxGRqJU-0335_10-0337_77.webm],Polish for Absolute Beginners | Super Easy Polish 17,https://www.youtube.com/watch?v=VOYiVxGRqJU,{{c1::}},66,
E-pMY/Hswb,"{{c3::Wczoraj}} {{c5::robiłam}} {{c4::zakupy}} {{c2::do}} mojego nowego mieszkania, a ty?","Yesterday I did shopping for my new flat, and you?",VOYiVxGRqJU-0337_80-0342_60.webm,[sound:VOYiVxGRqJU-0337_80-0342_60.webm],Polish for Absolute Beginners | Super Easy Polish 17,https://www.youtube.com/watch?v=VOYiVxGRqJU,{{c1::}},108,
A<r2/Tl`PE,{{c2::Ja}} {{c5::wczoraj}} {{c3::byłem}} {{c4::na}} {{c6::imprezie}}.,I was at a party yesterday.,VOYiVxGRqJU-0342_63-0345_87.webm,[sound:VOYiVxGRqJU-0342_63-0345_87.webm],Polish for Absolute Beginners | Super Easy Polish 17,https://www.youtube.com/watch?v=VOYiVxGRqJU,{{c1::}},57,
A/S>VBo)x~,{{c2::Co}} {{c3::robisz}} {{c4::jutro}}?,What are you doing tomorrow?,VOYiVxGRqJU-0345_90-0348_70.webm,[sound:VOYiVxGRqJU-0345_90-0348_70.webm],Polish for Absolute Beginners | Super Easy Polish 17,https://www.youtube.com/watch?v=VOYiVxGRqJU,{{c1::}},45,
"i`,+0Suo&m","{{c2::Jutro}} {{c3::jest}} poniedziałek, {{c4::więc}} {{c5::idę}} {{c6::do}} {{c7::pracy}}, a ty?","jomórrow'śs Monday, so I'm going to work, and you?",VOYiVxGRqJU-0351_70-0355_97.webm,[sound:VOYiVxGRqJU-0351_70-0355_97.webm],Polish for Absolute Beginners | Super Easy Polish 17,https://www.youtube.com/watch?v=VOYiVxGRqJU,{{c1::}},100,
s2rYUr~H^J,{{c2::Ja}} {{c3::jutro}} {{c4::mam}} urlop i {{c5::jadę}} {{c6::nad}} morze. - Super.,I'm on koliday tomorrow and I'm going to the seaside. - Cool.,VOYiVxGRqJU-0356_00-0361_40.webm,[sound:VOYiVxGRqJU-0356_00-0361_40.webm],Polish for Absolute Beginners | Super Easy Polish 17,https://www.youtube.com/watch?v=VOYiVxGRqJU,{{c1::}},107,
j%@FqZ)_d!,{{c2::No}} {{c3::to}} {{c4::cześć}}. - Cześć.,Bye then. - Bye.,VOYiVxGRqJU-0365_57-0368_93.webm,[sound:VOYiVxGRqJU-0365_57-0368_93.webm],Polish for Absolute Beginners | Super Easy Polish 17,https://www.youtube.com/watch?v=VOYiVxGRqJU,{{c1::}},38,
xNC06GpP]k,"Kochani, {{c3::to}} {{c2::już}} wszystko {{c4::na}} {{c5::dzisiaj}}.","Dears, that's all for today.",VOYiVxGRqJU-0370_00-0371_43.webm,[sound:VOYiVxGRqJU-0370_00-0371_43.webm],Polish for Absolute Beginners | Super Easy Polish 17,https://www.youtube.com/watch?v=VOYiVxGRqJU,{{c1::}},65,
s&?50K>gL%,{{c2::Dziękujemy}} {{c3::za}} wspólną podróż {{c4::po}} Parku Śląskim.,Thank you for making the trip around Silesian Park together with us.,VOYiVxGRqJU-0371_47-0373_90.webm,[sound:VOYiVxGRqJU-0371_47-0373_90.webm],Polish for Absolute Beginners | Super Easy Polish 17,https://www.youtube.com/watch?v=VOYiVxGRqJU,{{c1::}},115,
"kn]`?;cc^,","A jeżeli chcielibyście zobaczyć więcej materiałów dla początkujących;:to dajcie nam znać w komentarzach,",And if you'd like to see more content for beginners then let us know in the comments,VOYiVxGRqJU-0373_93-0379_83.webm,[sound:VOYiVxGRqJU-0373_93-0379_83.webm],Polish for Absolute Beginners | Super Easy Polish 17,https://www.youtube.com/watch?v=VOYiVxGRqJU,{{c1::}},189,
lY#-0kltF#,{{c2::Do}} zobaczenia {{c3::w}} kolejnym odcinku Easy Polish! - Hej!,See you in the next episode of Easy Polish! - Bye!,VOYiVxGRqJU-0381_07-0385_27.webm,[sound:VOYiVxGRqJU-0381_07-0385_27.webm],Polish for Absolute Beginners | Super Easy Polish 17,https://www.youtube.com/watch?v=VOYiVxGRqJU,{{c1::}},103,
